Name,career_choice_for_passion,career_choice_for_money,career_choice_for_nothing,career_choice_in_school,career_choice_in_college,career_choice_in_univ,career_choice_after_education,is_family_member,is_any_noticable_qualities,quality_1,quality_2,quality_3,hobby_1,hobby_2,hobby_3,is_analytical_activity,analytical_activities_1,analytical_activities_2,newspaper,magazine,book,is_communication_activity,communication_activities_1,communication_activities_2,communication_activities_3,is_outside_academic,vocal,instrumental,drawing_painting,building_things,is_leadership,public_service,nature_of_service_1,nature_of_service_2,nature_of_service_3,is_nervous,under_control,no_friend,selected_friends,many_friend,meet_new_people,has_negotiation_skill,is_under_time_pressure,is_under_control,is_organized,list_of_subjects_in_school_1,list_of_subjects_in_school_2,list_of_subjects_in_school_3,list_of_subject_in_highschool_1,list_of_subject_in_highschool_2,list_of_subject_in_highschool_3,good_in_some_subjects,good_in_all_subjects,good_in_no_subjects,is_interested_in_sport,list_of_sports_1,list_of_sports_2,public_event_participated,list_of_events_1,list_of_events_2,secondary_domain_1,secondary_domain_2,secondary_domain_3,secondary_domain_4,economic_standard,qualities_demanded_in_career_1,qualities_demanded_in_career_2,qualities_demanded_in_career_3,qualities_demanded_in_career_4,qualities_demanded_in_career_5,qualities_demanded_in_career_6,qualities_demanded_in_career_7,introvert,extrovert,ambivert,list_of_books_1,list_of_books_2,list_of_authors_1,list_of_authors_2
Dr. Jayashree Gopal,Yes,No,No,Yes,No,No,No,Yes,Yes,curiosity,compassion,listening,reading science books, experimenting with simple science projects, solving puzzles,Yes,solving puzzles ,playing chess,No,No,Yes,Yes,speech ,debates,No,Yes,Yes,Yes,Yes,No,Yes,Yes,community health services ,health education,No,Yes,Yes,No,No,No,Yes,Yes,Yes,Yes,Yes,biology ,chemistry,physics,biology ,chemistry ,physics,Yes,No,No,Yes,badminton ,running,Yes,health camps ,biology-related events,biology ,biotechnology ,research,No,middle-class,critical thinking ,empathy ,strong communication ,problem-solving ,attention to detail ,commitment to lifelong learning,No,Yes,No,No,No,No,No,No
Dr. Pinar Baski Cebe,Yes,No,No,Yes,No,No,No,Yes,Yes,keen eye for detail,steady hand when doing crafts,compassion,painting, chess,No,Yes,solving puzzles ,playing chess,No,Yes,Yes,Yes,debates,,No,Yes,Yes,Yes,Yes,No,Yes,Yes,community health services ,volunteer work at local clinics,No,Yes,Yes,No,No,No,Yes,Yes,Yes,Yes,Yes,biology ,chemistry,No,biology ,chemistry ,physics,Yes,No,No,Yes,tennis ,swimming,Yes,science fairs ,biology-related events,architect ,designer,No,No,middle-class,empathy ,precision ,communication ,critical thinking ,resilience,No,No,Yes,No,No,No,No,No,No
Dr. Ram Chidambaram,Yes,No,No,Yes,No,No,No,Yes,Yes,curiosity about science,attention to detail,compassion,solving puzzles, reading books on science,No,Yes,solving puzzles ,playing chess,No,Yes,Yes,Yes,debates,storytelling,No,Yes,No,No,Yes,No,No,Yes,health services ,community service,No,Yes,Yes,No,No,No,Yes,Yes,Yes,Yes,Yes,biology ,chemistry,No,biology ,chemistry ,physics,Yes,No,No,Yes,cricket ,running,Yes,health camps ,biology-related events,scientific research ,biology ,health sciences ,teaching,middle-class,empathy ,communication ,problem-solving ,attention to detail,No,No,No,Yes,No,No,the emperor of all maladies,No,siddhartha mukherjee,No
Dr. Narender Kumar Magu,Yes,No,No,Yes,No,No,No,Yes,Yes,curiosity about science,curiosity about human body,compassion,reading, science, human body,Yes,solving puzzles ,playing chess,No,Yes,Yes,Yes,debates,storytelling,No,Yes,Yes,Yes,Yes,No,Yes,Yes,community health outreach ,health awareness program organization,No,Yes,Yes,No,No,No,Yes,Yes,Yes,Yes,Yes,biology ,chemistry,No,biology ,chemistry ,physics,Yes,No,No,Yes,cricket,,Yes,health camps ,biology-related events,engineering ,research ,biomechanics ,materials science,middle-class,critical thinking ,empathy ,attention to detail ,strong communication ,problem-solving abilities,No,No,Yes,No,No,No,No,No,No
Dr. Sanketh Reddy,Yes,No,No,Yes,No,No,No,Yes,Yes,patience,meticulous nature,empathy for others,drawing, working on intricate models,No,Yes,solving puzzles ,building models with lego,No,Yes,Yes,Yes,debates,speech competitions,No,Yes,Yes,Yes,Yes,No,Yes,Yes,community health outreach ,health education,No,Yes,Yes,No,No,No,Yes,Yes,Yes,Yes,Yes,biology ,chemistry,No,biology ,chemistry ,physics,Yes,No,No,Yes,cricket,basketball,Yes,health camps ,science fairs,engineering ,research ,No,No,middle-class,critical thinking ,empathy ,attention to detail ,communication ,perseverance,No,No,Yes,No,No,No,No,No,No
Dr. Priyanka Singh,Yes,No,No,Yes,No,No,No,Yes,Yes,curiosity,problem-solving skills,empathy,reading books, solving puzzles, exploring biology,Yes,solving puzzles ,playing chess,No,Yes,Yes,Yes,speech competitions ,debates,No,Yes,Yes,Yes,Yes,No,Yes,Yes,community health outreach ,health education,No,Yes,Yes,No,No,No,Yes,Yes,Yes,Yes,Yes,biology ,chemistry,No,biology ,chemistry ,physics,Yes,No,No,Yes,badminton ,running,Yes,health camps ,science fairs,scientific research ,biotechnology ,healthcare innovation ,biology ,middle-class,critical thinking ,empathy ,attention to detail ,strong communication,No,No,No,No,Yes,No,the emperor of all maladies ,when breath becomes air,siddhartha mukherjee ,paul kalanithi
Dr. Arvind Kumar Khurana,Yes,No,No,Yes,No,No,No,Yes,Yes,curiosity,compassion,desire to help,reading, problem-solving, understanding the human body,Yes,solving puzzles ,playing chess,No,No,Yes,Yes,debates,speech competitions,No,Yes,Yes,Yes,Yes,No,Yes,Yes,community health outreach ,health education,No,Yes,Yes,No,No,No,Yes,Yes,Yes,Yes,Yes,biology ,chemistry,physics,biology ,chemistry ,physics,Yes,No,No,Yes,cricket ,badminton,Yes,health camps ,biology-related events,biology ,biochemistry ,research,No,middle-class,empathy ,strong communication, critical thinking ,attention to detail ,resilience,No,No,Yes,No,No,the emperor of all maladies ,when breath becomes air,siddhartha mukherjee ,paul kalanithi
