Name,career_choice_for_passion,career_choice_for_money,career_choice_by_nothing,career_choice_in_school,career_choice_in_college,career_choice_in_univ,career_choice_after_education,is_family_member,is_any_noticable_qualities,quality_1,quality_2,quality_3,hobby_1,hobby_2,hobby_3,is_analytical_activity,analytical_activities_1,analytical_activities_2,newspaper,magazine,book,is_communication_activity,communication_activities_1,communication_activities_2,communication_activities_3,is_outside_academic,vocal,instrumental,drawing_painting,building_things,is_leadership,public_service,nature_of_service_1,nature_of_service_2,nature_of_service_3,is_nervous,under_control,no_friend,selected_friends,many_friend,meet_new_people,has_negotiation_skill,is_under_time_pressure,is_under_control,is_organized,list_of_subjects_in_school_1,list_of_subjects_in_school_2,list_of_subjects_in_school_3,list_of_subject_in_highschool_1,list_of_subject_in_highschool_2,list_of_subject_in_highschool_3,good_in_some_subjects,good_in_all_subjects,good_in_no_subjects,is_interested_in_sport,list_of_sports_1,list_of_sports_2,public_event_participated,list_of_events_1,list_of_events_2,secondary_domain_1,secondary_domain_2,secondary_domain_3,secondary_domain_4,economic_standard,qualities_demanded_in_career_1,qualities_demanded_in_career_2,qualities_demanded_in_career_3,qualities_demanded_in_career_4,qualities_demanded_in_career_5,qualities_demanded_in_career_6,qualities_demanded_in_career_7,introvert,extrovert,ambivert,list_of_books_1,list_of_books_2,list_of_authors_1,list_of_authors_2
Marvin Lee Minsky,Yes,No,No,No,Yes,No,No,No,Yes,curiosity,problem-solving skills,understanding complex systems,dismantling gadgets, building mechanical contraptions, mathematics,Yes,solving puzzles ,playing chess,Yes,Yes,Yes,Yes,speech,debates,No,Yes,No,Yes,Yes,Yes,Yes,Yes,mentoring ,educational outreach,No,Yes,Yes,No,Yes,No,Yes,Yes,Yes,No,Yes,mathematics,science,geometry ,advanced mathematics,physics,No,Yes,No,No,Yes,swimming ,tennis,Yes,science fairs,No,neuroscience ,cognitive psychology,No,No,middle-class,logical reasoning and problem-solving ,mathematics and analytical skills ,curiosity and creativity ,perseverance and resilience ,collaboration and communication,No,No,Yes,No,No,No,No,No,No
Margaret Elaine Hamilton,Yes,No,No,No,No,No,Yes,Yes,Yes,curiosity,attention to detail,solving complex problems,reading, solving puzzles, drawing,Yes,solving puzzles ,playing chess,Yes,Yes,Yes,Yes,speech,debates,No,Yes,No,No,Yes,No,No,No,No,No,No,Yes,Yes,No,Yes,No,Yes,No,Yes,No,Yes,mathematics,science,algebra,advanced mathematics,physics,No,Yes,No,No,Yes,basketball,tennis,Yes,science fairs,biology-related events,mathematics,engineering,No,No,middle-class,problem-solving skills,analytical thinking ,programming proficiency ,adaptability ,continuous learning ,resilience ,perseverance ,Yes,No,No,code: the hidden language of computer hardware and software ,the pragmatic programmer: your journey to mastery,charles petzold ,andrew hunt and david thomas
Linus Benedict Torvalds,Yes,No,No,No,Yes,No,No,No,Yes,curiosity,logical thinking,persistence in solving technical problems,programming, experimenting with code, system-level software,Yes,solving puzzles ,working with computers,No,Yes,Yes,No,No,No,No,Yes,No,No,No,Yes,No,No,No,No,No,Yes,Yes,No,Yes,No,No,No,Yes,Yes,Yes,mathematics,science,algebra,mathematics,physics,No,Yes,No,No,No,No,No,Yes,science fairs,No,physics ,engineering,No,No,middle-class,logical reasoning,problem-solving ,creativity ,attention to detail ,persistence,No,No,Yes,No,No,No,No,No,No
Manindra Agrawal,Yes,No,No,No,Yes,No,No,No,Yes,problem-solving,mathematical_exploration,No,solving complex mathematical problems, solving puzzles,No,Yes,solving puzzles ,engaging in mathematical challenges,No,Yes,Yes,Yes,stortelling,problem-solving sessions,No,Yes,No,No,No,Yes,Yes,Yes,education ,technology,No,Yes,Yes,No,Yes,No,Yes,Yes,Yes,Yes,Yes,mathematics,science,algebra,advanced mathematics,physics,No,Yes,No,No,Yes,cricket ,badminton,Yes,science fairs,academic events,mathematics ,theoretical physics,No,No,middle-class,logical reasoning ,problem-solving ,strong foundation in mathematics,No,No,No,No,Yes,No,No,No,No,No,No
Sergey Mikhailovich Brin,Yes,No,No,No,Yes,No,No,Yes,Yes,curiosity,analytical thinking,problem-solving skills,puzzles, mathematics, tinkering gadgets,Yes,solving puzzles ,playing chess,No,Yes,Yes,Yes,speech,debates,No,Yes,No,Yes,No,Yes,Yes,Yes,tutoring ,community clean-up,No,Yes,Yes,No,Yes,No,Yes,Yes,Yes,Yes,Yes,mathematics,computer science,algebra,advanced mathematics,physics,computer science,Yes,No,No,Yes,tennis ,swimming,Yes,science fairs,biology-related events,mathematics ,technology ,problem-solving,No,middle-class,analytical thinking,curiosity ,creativity ,persistence ,resilience ,mathematical skills ,teamwork ,Yes,No,No,the innovators ,algorithms to live by,walter isaacson ,brian christian and tom griffiths
James Arthur Gosling,Yes,No,No,Yes,No,No,No,No,Yes,curiosity,logical thinking,dismantling ,tinkering gadgets, programming, system design,Yes,solving puzzles ,playing with gadgets,No,No,Yes,Yes,storytelling ,No,No,Yes,Yes,Yes,No,Yes,Yes,No,No,No,No,Yes,Yes,No,Yes,No,Yes,Yes,Yes,Yes,Yes,mathematics,science,algebra,mathematics,physics,computer science,Yes,No,No,Yes,soccer ,swimming,Yes,science fairs,technical projects,engineering,physics ,No,No,middle-class,problem-solving ,logical thinking ,creativity ,perseverance,No,No,No,Yes,No,No,No,No,No,No
