{
    "questions": [
      {
        "question": "Which of the following boxes should replace the question mark (?) to complete the pattern?",
        "difficulty": 1,
        "options": {
          "a": "a",
          "b": "b",
          "c": "c",
          "d": "d",
          "e": "e"
        },
        "correct_answer": "e",
        "explanation": "The pattern follows specific logical rules, and the correct box is (E).",
        "image": "Abstract_Reasoning1.png"
      },
      {
        "question": "Which of the following boxes should replace the question mark (?) to complete the pattern?",
        "difficulty": 2,
        "options": {
          "a": "b",
          "b": "c",
          "c": "d",
          "d": "e"
        },
        "correct_answer": "c",
        "explanation": "The pattern involves combinations of boxes, and the missing box is a combination of the two boxes in the third column.",
        "image": "Abstract_Reasoning2.png"
      },
      {
        "question": "Choose the correct three figures to complete the sequence:",
        "difficulty": 3,
        "options": {
          "a": "a",
          "b": "b",
          "c": "c",
          "d": "d"
        },
        "correct_answer": "b",
        "explanation": "The shapes move one step to the right each row, and the blackened half alternates every row.",
        "image": "Abstract_Reasoning3.png"
      },
      {
        "question": "Which shape comes next in the sequence?",
        "difficulty": 4,
        "options": {
          "a": "a",
          "b": "b",
          "c": "c",
          "d": "d",
          "e": "e"
        },
        "correct_answer": "e",
        "explanation": "The alternating black and white dots follow a pattern of 5 and 7 in number. The next shape should have 7 white dots and 5 black ones.",
        "image": "Abstract_Reasoning4.png"
      },
      {
        "question": "Complete the sequence.",
        "difficulty": 5,
        "options": {
          "a": "a",
          "b": "b",
          "c": "c",
          "d": "d"
        },
        "correct_answer": "b",
        "explanation": "Each tile contains two overlapping shapes, where a new smaller shape is created inside the larger one. The sequence continues with this pattern.",
        "image": "Abstract_Reasoning5.png"
      }
    ]
  }
  