{
    "questions": [
      {
        "question": "Find the incorrect spelling.",
        "difficulty": 1,
        "options": {
          "a": "Accommodation",
          "b": "Receieve",
          "c": "Environment",
          "d": "Decision"
        },
        "correct_answer": "b",
        "explanation": "The correct spelling is 'Receive.' This question tests the ability to identify spelling errors."
      },
      {
        "question": "Which number does not match the sequence? 12, 24, 36, 48, 50, 60",
        "difficulty": 2,
        "options": {
          "a": "36",
          "b": "48",
          "c": "50",
          "d": "60"
        },
        "correct_answer": "c",
        "explanation": "All numbers except 50 are multiples of 12. This tests numerical consistency."
      },
      {
        "question": "How many times does the letter 'E' appear in the following block of text? 'Experience is the teacher of all things.'",
        "difficulty": 3,
        "options": {
          "a": "3",
          "b": "4",
          "c": "5",
          "d": "6"
        },
        "correct_answer": "c",
        "explanation": "Count all occurrences of 'E' (uppercase and lowercase)."
      },
      {
        "question": "Which date is inconsistent? 01/12/2023, 15/12/2023, 29/02/2023, 31/12/2023",
        "difficulty": 4,
        "options": {
          "a": "01/12/2023",
          "b": "15/12/2023",
          "c": "29/02/2023",
          "d": "31/12/2023"
        },
        "correct_answer": "c",
        "explanation": "2023 is not a leap year, so February does not have 29 days."
      },
      {
        "question": "Identify the row with the incorrect total price. Table: a) Row 1 b) Row 2 c) Row 3 d) Row 4",
        "difficulty": 5,
        "options": {
          "a": "Row 1",
          "b": "Row 2",
          "c": "Row 3",
          "d": "Row 4"
        },
        "correct_answer": "b",
        "image": "Attention_to_detail_5.png",
        "explanation": "In Row 2, the total price should be calculated as: Quantity × Price per Item = 10 × 10 = ₹100. However, the total price is incorrectly shown as ₹90 in the table. The correct total should be ₹100."
      }
    ]
  }
  