{
    "questions": [
      {
        "question": "Which of the four options matches 546478992134?",
        "difficulty": 1,
        "options": {
          "a": "546487992134",
          "b": "546478892134",
          "c": "546478992134",
          "d": "546479992134"
        },
        "correct_answer": "c",
        "explanation": "The correct answer is c, as it matches the given number exactly."
      },
      {
        "question": "Compare the four lines of words below, which line is correct?",
        "difficulty": 2,
        "options": {
          "a": "flashcart, flame, flamingo, false, farm",
          "b": "flaminge, flame, farm, false, flashcard",
          "c": "farm, flame, flashcard, false, flamingo",
          "d": "flame, flashcard, fasle, flamingo, farm"
        },
        "correct_answer": "c",
        "explanation": "The correct answer is C. The mistyped words in other options are marked in bold. A) flashcart, B) flaminge, D) fasle."
      },
      {
        "question": "Which word best matches the definition: 'Excessive pride in oneself or one’s achievements; excessive self-esteem'?",
        "difficulty": 3,
        "options": {
          "a": "Arrogance",
          "b": "Humility",
          "c": "Compassion",
          "d": "Curiosity"
        },
        "correct_answer": "a",
        "explanation": "Arrogance is defined as having an exaggerated sense of one’s own importance or abilities."
      },
      {
        "question": "Select the word that is spelled incorrectly:",
        "difficulty": 4,
        "options": {
          "a": "Necessary",
          "b": "Accommodate",
          "c": "Millennium",
          "d": "Independant"
        },
        "correct_answer": "d",
        "explanation": "The correct spelling of the word is 'Independent'."
      },
      {
        "question": "A dataset contains the following entries: ID: A101, B202, C303, D404, E505; Names: Alan, Brian, Cathy, Diane, Eva. One entry is mismatched. Identify it.",
        "difficulty": 5,
        "options": {
          "a": "A101 - Alan",
          "b": "B202 - Brian",
          "c": "C303 - Cathy",
          "d": "D404 - Eva"
        },
        "correct_answer": "d",
        "explanation": "Eva should be matched with E505, not D404."
      }
    ]
  }
  