{
    "questions": [
      {
        "question": "What is the capital of France?",
        "difficulty": 1,
        "options": {
          "a": "London",
          "b": "Paris",
          "c": "Rome",
          "d": "Berlin"
        },
        "correct_answer": "b",
        "explanation": "Paris is the capital city of France, known for landmarks like the Eiffel Tower."
      },
      {
        "question": "Which planet is known as the 'Red Planet'?",
        "difficulty": 2,
        "options": {
          "a": "Venus",
          "b": "Mars",
          "c": "Jupiter",
          "d": "Saturn"
        },
        "correct_answer": "b",
        "explanation": "Mars is called the 'Red Planet' due to its reddish appearance caused by iron oxide on its surface."
      },
      {
        "question": "What is the largest ocean on Earth?",
        "difficulty": 3,
        "options": {
          "a": "Atlantic Ocean",
          "b": "Indian Ocean",
          "c": "Arctic Ocean",
          "d": "Pacific Ocean"
        },
        "correct_answer": "d",
        "explanation": "The Pacific Ocean is the largest and deepest ocean on Earth."
      },
      {
        "question": "Which is the smallest country in the world by area?",
        "difficulty": 4,
        "options": {
          "a": "Monaco",
          "b": "Vatican City",
          "c": "San Marino",
          "d": "Liechtenstein"
        },
        "correct_answer": "b",
        "explanation": "Vatican City, an independent city-state within Rome, is the smallest country by area."
      },
      {
        "question": "Who discovered penicillin?",
        "difficulty": 5,
        "options": {
          "a": "Alexander Fleming",
          "b": "Louis Pasteur",
          "c": "Marie Curie",
          "d": "Isaac Newton"
        },
        "correct_answer": "a",
        "explanation": "Alexander Fleming discovered penicillin in 1928, revolutionizing medicine."
      }
    ]
  }
  