{
    "questions": [
      {
        "question": "What comes next in the series: 5, 11, 23, 47, __?",
        "difficulty": 1,
        "options": {
          "a": "92",
          "b": "95",
          "c": "96",
          "d": "98"
        },
        "correct_answer": "b",
        "explanation": "The correct answer is 95. The difference between the numbers increases by 6 each time."
      },
      {
        "question": "Complete the series: Z, X, T, __, J, __.",
        "difficulty": 2,
        "options": {
          "a": "P, D",
          "b": "O, E",
          "c": "N, H",
          "d": "R, F"
        },
        "correct_answer": "d",
        "explanation": "The series moves backward in the alphabet, skipping one letter: Z, (Y), X, (W), T, (S), R, (Q), F."
      },
      {
        "question": "Find the odd one out:",
        "difficulty": 3,
        "options": {
          "a": "64",
          "b": "125",
          "c": "216",
          "d": "343"
        },
        "correct_answer": "a",
        "explanation": "125, 216, and 343 are cubes of 5, 6, and 7, respectively. 64 is the cube of 4, not part of this sequence."
      },
      {
        "question": "Which of the following is different from the others?",
        "difficulty": 4,
        "options": {
          "a": "Thread → Fabric",
          "b": "Tree → Wood",
          "c": "Stone → Sand",
          "d": "Milk → Butter"
        },
        "correct_answer": "c",
        "explanation": "In all other pairs, the first item is processed to create the second, except stone and sand."
      },
      {
        "question": "In the evening, Rishabh started walking facing the sun. After some time, he met his friend Sunil. After talking to him, Rishabh turned right. After walking for some time, he turned left at the next intersection, and finally turned to his left again. In which direction is Rishabh walking now? (All the turns are 90-degree turns only)",
        "difficulty": 5,
        "options": {
          "a": "South",
          "b": "West",
          "c": "North",
          "d": "East"
        },
        "correct_answer": "a",
        "explanation": "Rishabh started facing the sun (East). After turning right, he faces South. After turning left, he faces East, and another left turn makes him face North."
      }
    ]
  }
  