{
    "questions": [
      {
        "question": "Which bird will experience less resistance flying?",
        "difficulty": 1,
        "options": {
          "a": "A",
          "b": "B",
          "c": "Equal"
        },
        "correct_answer": "a",
        "explanation": "The larger the surface of contact with air/wind, the more resistance (force) is created.",
        "image": "mechanical_aptitude_1.png"
      },
      {
        "question": "What is this tool used for?",
        "difficulty": 2,
        "options": {
          "a": "To smooth surfaces by abrasion with sandpaper",
          "b": "To grind metal and cut tile, stucco, and pavers, rout out mortar",
          "c": "For light cutting, grinding, and cleaning tasks",
          "d": "To flatten, reduce the thickness of a rough piece of lumber"
        },
        "correct_answer": "a",
        "explanation": "This power tool is a sander.",
        "image": "mechanical_aptitude_2.png"
      },
      {
        "question": "Which tool is best for tightening and loosening nuts?",
        "difficulty": 3,
        "options": {
          "a": "Tool A",
          "b": "Tool B",
          "c": "Neither tool",
          "d": "Both tools"
        },
        "correct_answer": "b",
        "explanation": "The wrench is specially adapted for nuts.",
        "image": "mechanical_aptitude_3.png"
      },
      {
        "question": "A stone is dragged in two different ways. In which method is it easier to drag the stone?",
        "difficulty": 4,
        "options": {
          "a": "A",
          "b": "B",
          "c": "Equal"
        },
        "correct_answer": "a",
        "explanation": "",
        "image": "mechanical_aptitude_4.png"
      },
      {
        "question": "In which direction should the acrobat move his body to balance the seesaw?",
        "difficulty": 5,
        "options": {
          "a": "A",
          "b": "B",
          "c": "Neither"
        },
        "correct_answer": "b",
        "explanation": "",
        "image": "mechanical_aptitude_5.png"
      }
    ]
  }
  