{
    "questions": [
      {
        "question": "What comes next in the series: 2, 6, 12, 20, __?",
        "difficulty": 1,
        "options": {
          "a": "28",
          "b": "30",
          "c": "36",
          "d": "40"
        },
        "correct_answer": "b) 30"
      },
      {
        "question": "Find the missing number in the series: 81, 27, 9, __, 1.",
        "difficulty": 2,
        "options": {
          "a": "6",
          "b": "5",
          "c": "3",
          "d": "4"
        },
        "correct_answer": "c) 3"
      },
      {
        "question": "A shopkeeper gives a 20% discount on a product priced at ₹500. What is the selling price?",
        "difficulty": 3,
        "options": {
          "a": "₹400",
          "b": "₹450",
          "c": "₹350",
          "d": "₹300"
        },
        "correct_answer": "a) ₹400"
      },
      {
        "question": "The ratio of boys to girls in a class is 3:2. If there are 60 students in total, how many girls are there?",
        "difficulty": 4,
        "options": {
          "a": "24",
          "b": "36",
          "c": "40",
          "d": "30"
        },
        "correct_answer": "a) 24"
      },
      {
        "question": "A train travels 120 km in 2 hours. What is its average speed?",
        "difficulty": 5,
        "options": {
          "a": "50 km/h",
          "b": "55 km/h",
          "c": "60 km/h",
          "d": "65 km/h"
        },
        "correct_answer": "c) 60 km/h"
      }
    ]
  }
  