{
    "questions": [
      {
        "question": "You are assigned a group project, but one of your team members is not contributing. What would you do?",
        "difficulty": 1,
        "options": {
          "a": "Complain to the teacher immediately.",
          "b": "Try to understand why they are not contributing and encourage them to participate.",
          "c": "Do their part of the work yourself.",
          "d": "Ignore the issue and continue working with others."
        },
        "correct_answer": "b",
        "explanation": "Collaboration and understanding can help resolve the issue and improve team dynamics."
      },
      {
        "question": "You have two homework assignments due tomorrow, but only time to complete one. What should you do?",
        "difficulty": 2,
        "options": {
          "a": "Complete the one that is worth more marks.",
          "b": "Start both and see how far you can get.",
          "c": "Ask your teacher for an extension.",
          "d": "Complete the one you find easier."
        },
        "correct_answer": "a",
        "explanation": "Prioritizing tasks based on their impact is a key skill in time management."
      },
      {
        "question": "Your classmate asks for help understanding a topic right before an important test. What would you do?",
        "difficulty": 3,
        "options": {
          "a": "Refuse to help and focus on your own preparation.",
          "b": "Help them briefly but focus on your own preparation afterward.",
          "c": "Spend all your time helping them.",
          "d": "Ignore their request."
        },
        "correct_answer": "b",
        "explanation": "Balancing kindness with personal priorities ensures fairness to both parties."
      },
      {
        "question": "You accidentally break a school lab instrument. What should you do?",
        "difficulty": 4,
        "options": {
          "a": "Hide it and hope no one notices.",
          "b": "Inform the teacher and take responsibility.",
          "c": "Blame someone else.",
          "d": "Leave it and walk away."
        },
        "correct_answer": "b",
        "explanation": "Honesty and accountability are essential in resolving such situations."
      },
      {
        "question": "Your teacher assigns a task that seems too difficult. What is your response?",
        "difficulty": 5,
        "options": {
          "a": "Give up without trying.",
          "b": "Attempt it and seek help if needed.",
          "c": "Complain about the difficulty to your classmates.",
          "d": "Ignore the task."
        },
        "correct_answer": "b",
        "explanation": "Persistence and seeking assistance demonstrate problem-solving skills."
      }
    ]
  }
  