{
    "questions": [
      {
        "question": "What would the 3D shape look like from above?",
        "difficulty": 1,
        "image": "spatial_aptitude_1.png",
        "options": {
          "a": "Option A",
          "b": "Option B",
          "c": "Option C",
          "d": "Option D"
        },
        "correct_answer": "a"
      },
      {
        "question": "Which answer shows a mirror image of the image below?",
        "difficulty": 2,
        "image": "spatial_aptitude_2.png",
        "options": {
          "1": "Option 1",
          "2": "Option 2",
          "3": "Option 3",
          "4": "Option 4"
        },
        "correct_answer": "3"
      },
      {
        "question": "Select the correct mirror image of the given figure when the mirror is placed at MN as shown.",
        "difficulty": 3,
        "image": "spatial_aptitude_3.png",
        "options": {
          "a": "Option A",
          "b": "Option B",
          "c": "Option C",
          "d": "Option D"
        },
        "correct_answer": "b"
      },
      {
        "question": "Choose a figure which would most closely resemble the unfolded form of Figure (Z).",
        "difficulty": 4,
        "image": "spatial_aptitude_4.png",
        "options": {
          "a": "Option A",
          "b": "Option B",
          "c": "Option C",
          "d": "Option D"
        },
        "correct_answer": "c"
      },
      {
        "question": "Which two pictures are identical?",
        "difficulty": 5,
        "image": "spatial_aptitude_5.png",
        "options": {
          "a": "A and B",
          "b": "B and D",
          "c": "C and E",
          "d": "A and D"
        },
        "correct_answer": "c"
      }
    ]
  }
  