
{
  "questions": [
    {
      "question": "What is the binary equivalent of the decimal number 5?",
      "difficulty": 1,
      "options": {
        "a": "110",
        "b": "101",
        "c": "111",
        "d": "100"
      },
      "correct_answer": "b"
    },
    {
      "question": "Which of the following is NOT a programming language?",
      "difficulty": 2,
      "options": {
        "a": "Python",
        "b": "Java",
        "c": "HTML",
        "d": "Linux"
      },
      "correct_answer": "d"
    },
    {
      "question": "Which unit is used to measure electrical resistance?",
      "difficulty": 3,
      "options": {
        "a": "Ampere",
        "b": "Ohm",
        "c": "Volt",
        "d": "Watt"
      },
      "correct_answer": "b"
    },
    {
      "question": "What is the full form of CPU in computing?",
      "difficulty": 4,
      "options": {
        "a": "Central Processing Unit",
        "b": "Central Programming Unit",
        "c": "Control Processing Unit",
        "d": "Core Processing Unit"
      },
      "correct_answer": "a"
    },
    {
      "question": "Which of the following is an example of an input device?",
      "difficulty": 5,
      "options": {
        "a": "Printer",
        "b": "Monitor",
        "c": "Keyboard",
        "d": "Speaker"
      },
      "correct_answer": "c"
    }
  ]
}
