{
    "questions": [
      {
        "question": "Choose the word most similar in meaning to 'abundant'.",
        "difficulty": 1,
        "options": {
          "a": "Scarce",
          "b": "Plentiful",
          "c": "Limited",
          "d": "Rare"
        },
        "correct_answer": "b"
      },
      {
        "question": "Choose the word most opposite in meaning to 'indifferent'.",
        "difficulty": 2,
        "options": {
          "a": "Uncaring",
          "b": "Concerned",
          "c": "Apathetic",
          "d": "Unmoved"
        },
        "correct_answer": "b"
      },
      {
        "question": "Choose the word most similar in meaning to 'meticulous'.",
        "difficulty": 3,
        "options": {
          "a": "Careless",
          "b": "Accurate",
          "c": "Detailed",
          "d": "Sloppy"
        },
        "correct_answer": "c"
      },
      {
        "question": "The detective could not solve the case because the evidence was _____.",
        "difficulty": 4,
        "options": {
          "a": "Overwhelming",
          "b": "Ambiguous",
          "c": "Conclusive",
          "d": "Obvious"
        },
        "correct_answer": "b"
      },
      {
        "question": "The ancient ruins were hidden beneath layers of _____.",
        "difficulty": 5,
        "options": {
          "a": "Mystery",
          "b": "Soil",
          "c": "History",
          "d": "Fiction"
        },
        "correct_answer": "b"
      }
    ]
  }
  
