Name,career_choice_for_passion,career_choice_for_money,carreer_choice_for_nothing,career_choice_in_school,career_choice_in_college,career_choice_in_univ,career_choice_after_education,is_family_member,is_any_noticable_qualities,quality_1,quality_2,quality_3,hobby_1,hobby_2,hobby_3,is_analytical_activity,analytical_activities_1,analytical_activities_2,newspaper,magazine,book,is_communication_activity,communication_activities_1,communication_activities_2,communication_activities_3,is_outside_academic,vocal,instrumental,drawing_painting,building,is_leadership,public_service,nature_of_service_1,nature_of_service_2,nature_of_service_3,is_nervous,under_control,no_friend,selected_friends,many_friend,meet_new_people,has_negotiation_skill,is_under_time_pressure,is_under_control,is_organized,list_of_subjects_in_school_1,list_of_subjects_in_school_2,list_of_subjects_in_school_3,list_of_subject_in_highschool_1,list_of_subject_in_highschool_2,list_of_subject_in_highschool_3,good_in_some_subjects,good_in_all_subjects,good_in_no_subjects,is_interested_in_sport,list_of_sports_1,list_of_sports_2,public_event_participated,list_of_events_1,list_of_events_2,secondary_domain_1,secondary_domain_2,secondary_domain_3,secondary_domain_4,economic_standard,qualities_demanded_in_career_1,qualities_demanded_in_career_2,qualities_demanded_in_career_3,qualities_demanded_in_career_4,qualities_demanded_in_career_5,qualities_demanded_in_career_6,qualities_demanded_in_career_7,introvert,extrovert,ambivert,list_of_books_1,list_of_books_2,list_of_authors_1,list_of_authors_2
Harish N. Salve,No,No,No,No,Yes,No,No,Yes,Yes,analytical skills,articulate communication,ability to argue persuasively,reading,No,No,Yes,solving puzzles ,tackling complex problems,Yes,Yes,No,Yes,debates ,public speaking,No,Yes,Yes,Yes,No,No,Yes,Yes,public service ,volunteer work,No,Yes,Yes,No,Yes,No,Yes,Yes,Yes,Yes,Yes,history ,english,No,history ,political science ,english,Yes,No,No,Yes,cricket ,tennis,No,No,No,public service ,governance,No,No,middle-class,strong analytical thinking ,effective communication, attention to detail, ability to argue persuasively,No,No,No,Yes,No,No,book pairs in the provided text.,No,there are no author,No
Steven J. Christiansen,Yes,No,No,Yes,No,No,No,Yes,Yes,strong sense of justice,curiosity about environmental issues,No,exploring nature, conducting small experiments,No,Yes,solving puzzles ,playing chess,Yes,Yes,Yes,Yes,debates ,storytelling,No,Yes,Yes,Yes,Yes,Yes,Yes,Yes,community service ,environmental volunteering,No,Yes,Yes,No,No,Yes,Yes,Yes,Yes,Yes,Yes,science ,biology,social studies,environmental science ,political science,No,Yes,No,No,Yes,soccer ,hiking,Yes,biology-related events ,science fairs,environmental science ,conservation,No,No,middle-class,analytical skills,strong communication abilities ,deep sense of justice ,ethics,No,No,No,No,No,Yes,gideon's trumpet ,just mercy,anthony lewis ,bryan stevenson
Sidharth Luthra,Yes,No,No,Yes,No,No,No,Yes,Yes,asking questions,challenging assumptions,debating issues,reading books, reading books about history, reading books about politics,Yes,solving puzzles ,playing chess,No,No,Yes,Yes,debates ,debates,No,Yes,Yes,Yes,No,No,Yes,Yes,community legal aid ,awareness campaign organization,No,Yes,Yes,No,Yes,No,Yes,Yes,Yes,Yes,Yes,history ,english,civics,political science,history ,english,Yes,No,No,Yes,cricket ,badminton,No,No,No,public service,diplomacy ,governance , justice,middle-class,critical thinking ,communication ,empathy ,strong sense of justice,No,No,No,Yes,No,No,book pairs in the provided text.,No,there are no author,No
Kapil Hira Lal Sibal,No,No,No,No,Yes,No,No,Yes,Yes,curiosity,logical reasoning,articulation,reading, debating, participating in discussions on current affairs,Yes,solving puzzles ,engaging in debates,Yes,Yes,Yes,Yes,debates ,speech,No,Yes,Yes,Yes,No,No,Yes,Yes,educational program organization ,assistance to underprivileged children,No,Yes,Yes,No,Yes,No,Yes,Yes,Yes,Yes,Yes,history ,english,political science,political science,history ,english,Yes,No,No,Yes,cricket ,tennis,No,No,No,public policy ,governance,No,No,middle-class,strong analytical thinking ,effective communication, attention to detail, ability to argue persuasively,No,No,No,No,Yes,No,No,No,No,No
Kent H. Collins,Yes,No,No,Yes,No,No,No,Yes,Yes,analytical skills,communication abilities,fairness and justice,reading mystery novels, playing chess, participating in debate clubs,Yes,solving puzzles ,playing chess,Yes,Yes,Yes,Yes,debates ,storytelling,No,Yes,Yes,Yes,Yes,Yes,Yes,Yes,community service ,charity work ,legal aid,Yes,Yes,No,Yes,No,Yes,Yes,Yes,Yes,Yes,mathematics ,english,social studies,No,economics,business studies,No,Yes,No,Yes,soccer ,swimming,Yes,model united nations (mun) conferences,No,academia ,education ,business ,law,middle-class,resilience and perseverance ,interpersonal skills ,ethical judgment and integrity ,strong communication skills,No,No,No,No,No,Yes,to kill a mockingbird ,bleak house,harper lee ,charles dickens
Ram Boolchand Jethmalani,Yes,No,No,Yes,No,No,No,Yes,Yes,persuasive speaking skills,keen interest in current affairs,strong sense of justice,badminton, debating,No,Yes,solving puzzles ,playing chess,Yes,Yes,Yes,Yes,debates ,speech,No,Yes,No,No,No,No,Yes,Yes,legal aid ,community outreach,No,Yes,Yes,No,Yes,No,Yes,Yes,Yes,Yes,Yes,history ,history ,political science,political science,history,english,Yes,No,No,Yes,badminton,,No,No,No,professor, writer ,education ,political science,middle-class,analytical thinking ,persuasive communication ,deep research skills,No,No,No,No,No,Yes,No,No,No,No,No
Gopal Subramanium,Yes,No,No,Yes,No,No,No,Yes,Yes,analytical thinking,strong sense of justice,ability to articulate arguments clearly,reading, debating, analyzing current events,Yes,solving puzzles ,logical reasoning challenges,Yes,No,No,Yes,debates ,speech,No,Yes,No,No,No,No,Yes,Yes,community service, volunteering,No,Yes,Yes,No,Yes,No,Yes,Yes,Yes,Yes,Yes,history ,social studies ,literature,political science,history,english,Yes,No,No,Yes,cricket ,badminton,Yes,model united nations (mun) debates,model united nations (mun) debates,academia ,political science ,international relations,No,middle-class,critical thinking ,effective communication ,attention to detail ,strong sense of justice,No,No,No,Yes,No,No,the rule of law ,to kill a mockingbird,tom bingham ,harper lee
Paul James Barrus,Yes,No,No,Yes,No,No,No,Yes,Yes,analytical skills,attention to detail,perseverance,solving puzzles, playing chess,No,Yes,solving puzzles ,playing chess,Yes,Yes,No,Yes,debates ,speech,No,Yes,Yes,Yes,No,Yes,Yes,Yes,community service ,charity work,No,Yes,Yes,No,Yes,No,Yes,Yes,Yes,Yes,Yes,history ,political science,No,No,economics,business studies,Yes,No,No,Yes,basketball ,swimming,Yes,science fairs model un conferences,No,academia ,economics ,political science,No,middle-class,No,No,No,No,No,No,No,Analytical Skills, Communication Skills, Research Skills, Ethical Judgement,No, Perseverance,No
Ujjwal Deoraoji Nikam,Yes,No,No,No,Yes,No,No,Yes,Yes,strong sense of justice,curiosity,ability to argue logically,reading, debating, analyzing arguments,Yes,solving puzzles ,engaging in debates,Yes,No,No,Yes,debates ,speech,No,Yes,No,No,No,No,Yes,No,No,No,No,Yes,Yes,No,Yes,No,Yes,Yes,Yes,Yes,Yes,history ,political science ,english,political science,history,english,Yes,No,No,Yes,cricket ,football,No,No,No,public service ,governance,No,No,middle-class,critical thinking ,communication,perseverance ,attention to detail,No,No,No,Yes,No,No,to kill a mockingbird,the constitution of india,harper lee,No
Ashok Haribhai Desai,Yes,No,No,No,Yes,No,No,Yes,Yes,strong sense of fairness,curiosity about societal issues,ability to articulate arguments clearly,reading, debate,No,Yes,solving puzzles ,engaging in debates,Yes,No,Yes,Yes,debates ,No,No,Yes,No,No,No,No,Yes,Yes,No,No,No,Yes,Yes,No,Yes,No,Yes,Yes,Yes,Yes,Yes,history ,civics ,literature,political science,history,english,Yes,No,No,Yes,running ,outdoor games,No,No,No,academia ,journalism,social issues ,justice human rights,middle-class,critical thinking ,communication, strong sense of justice,No,No,No,No,Yes,No,No,to kill a mockingbird ,the advocate,harper lee john grisham,No
