Name,career_choice_for_passion,career_choice_for_money,career_choice_for_nothing,career_choice_in_school,career_choice_in_college,career_choice_in_univ,career_choice_after_education,is_family_member,is_any_noticable_qualities,quality_1,quality_2,quality_3,hobby_1,hobby_2,hobby_3,is_analytical_activity,analytical_activities_1,analytical_activities_2,newspaper,magazine,book,is_communication_activity,communication_activities_1,communication_activities_2,communication_activities_3,is_outside_academic,vocal,instrumental,drawing_painting,building_things,is_leadership,public_service,nature_of_service_1,nature_of_service_2,nature_of_service_3,is_nervous,under_control,no_friend,selected_friends,many_friend,meet_new_people,has_negotiation_skill,is_under_time_pressure,is_under_control,is_organized,list_of_subjects_in_school_1,list_of_subjects_in_school_2,list_of_subjects_in_school_3,list_of_subject_in_highschool_1,list_of_subject_in_highschool_2,list_of_subject_in_highschool_3,good_in_some_subjects,good_in_all_subjects,good_in_no_subjects,is_interested_in_sport,list_of_sports_1,list_of_sports_2,public_event_participated,list_of_events_1,list_of_events_2,secondary_domain_1,secondary_domain_2,secondary_domain_3,secondary_domain_4,economic_standard,qualities_demanded_in_career_1,qualities_demanded_in_career_2,qualities_demanded_in_career_3,qualities_demanded_in_career_4,qualities_demanded_in_career_5,qualities_demanded_in_career_6,qualities_demanded_in_career_7,introvert,extrovert,ambivert,list_of_books_1,list_of_books_2,list_of_authors_1,list_of_authors_2
Alakh Satish Pandey,Yes,No,No,Yes,Yes,Yes,Yes,No,Yes,patience,clarity in expression,empathy,reading literature,writing essays,mentoring students,Yes,lesson planning ,designing quizzes,Yes,Yes,Yes,Yes,debates,classroom discussions,seminars,Yes,Yes,No,Yes,Yes,Yes,Yes,school leadership programs ,community teaching initiatives ,educational camps,No,Yes,No,selected_friends,No,Yes,Yes,Yes,Yes,Yes,english ,history,civics,english ,psychology ,philosophy,Yes,Yes,No,Yes,badminton ,table tennis,Yes,school fests ,literature events,educational psychology ,child development ,curriculum design ,teacher training,middle-class,communication ,empathy ,organizational skills ,creativity ,leadership ,clarity ,adaptability,No,No,Yes,To Sir With Love,The Freedom Writers Diary,E.R. Braithwaite,Erin Gruwell
Babar Ali,Yes,No,No,Yes,Yes,No,Yes,Yes,Yes,attention to detail,structured thinking,patience,doodling,poetry,sketching,Yes,solving logic puzzles ,designing learning aids,Yes,No,Yes,Yes,debates,No,student mentoring,Yes,No,No,Yes,No,Yes,Yes,NGO teaching ,rural education programs,,No,Yes,No,selected_friends,No,Yes,Yes,Yes,Yes,Yes,math ,english,biology,math ,physics ,education,Yes,No,No,Yes,yoga ,badminton,Yes,teacher training ,math olympiads,child psychology ,creative writing ,education policy,No,middle-class,clarity ,structure ,empathy ,adaptability ,focus ,discipline ,communication,Yes,No,No,How Children Learn,The Element,John Holt,Sir Ken Robinson
Dr. Vikas Divyakirti,Yes,No,No,Yes,Yes,Yes,Yes,No,Yes,charisma,motivation,leadership,playing guitar,public speaking,volunteering,No,No,No,Yes,Yes,Yes,Yes,group discussions ,storytelling ,theatre,Yes,Yes,Yes,Yes,Yes,Yes,Yes,school fundraising ,drama club ,event coordination,No,Yes,No,many_friend,Yes,Yes,Yes,Yes,Yes,history ,civics,geography,political science ,sociology ,economics,Yes,Yes,No,Yes,football ,cricket,Yes,debates ,social fests,public policy ,motivational speaking ,school management ,psychology,No,middle-class,clarity ,public speaking ,teamwork ,compassion ,vision ,emotional intelligence,No,Yes,No,Wings of Fire,Ignited Minds,A.P.J. Abdul Kalam,Robin Sharma,No
Eric Jensen,Yes,No,No,Yes,Yes,Yes,Yes,Yes,Yes,discipline,dedication,kindness,knitting,baking,watching documentaries,Yes,solving logic puzzles ,researching topics,Yes,Yes,Yes,Yes,classroom discussions ,storytelling ,educational fairs,Yes,No,No,Yes,No,Yes,Yes,teaching underprivileged children ,curriculum development ,counseling,Yes,Yes,No,selected_friends,No,Yes,Yes,Yes,Yes,Yes,chemistry ,physics,math,math ,chemistry ,biology,Yes,Yes,No,Yes,walking ,cycling,Yes,science exhibitions ,teachers' conference,school counseling ,academic writing ,science communication ,teaching aids,middle-class,planning ,clarity ,discipline ,kindness ,curiosity ,accuracy ,stability,Yes,No,No,Atomic Habits,Quiet,Susan Cain,James Clear
Rajesh Kumar Sharma,Yes,No,No,Yes,No,Yes,Yes,No,Yes,curiosity,storytelling,open-mindedness,writing,film critique,traveling,Yes,creating presentations ,essay analysis,Yes,Yes,Yes,Yes,elocution ,debates ,literature clubs,Yes,Yes,No,Yes,Yes,Yes,Yes,library reading programs ,story clubs ,drama in education,No,Yes,No,selected_friends,No,Yes,Yes,Yes,Yes,Yes,english ,literature,drama,english ,media studies ,psychology,Yes,No,No,Yes,swimming ,table tennis,Yes,poetry recitals ,book readings,creative writing ,storytelling ,media literacy ,film studies,middle-class,expression ,creativity ,communication ,originality ,presence ,versatility ,awareness,No,No,Yes,The Alchemist,Life of Pi,Paulo Coelho,Yann Martel
Sangeeta Sohni,Yes,No,No,Yes,Yes,Yes,Yes,Yes,Yes,empathy,adaptability,sincerity,calligraphy,gardening,listening to music,Yes,evaluating student work ,curriculum framing,Yes,Yes,Yes,Yes,parent-teacher meetings ,role-playing ,group activities,Yes,No,No,Yes,No,Yes,Yes,community engagement ,inclusive education ,environmental teaching,Yes,Yes,No,selected_friends,No,Yes,Yes,Yes,Yes,Yes,environmental science ,biology,social science,biology ,social studies ,psychology,Yes,Yes,No,Yes,yoga ,walking,Yes,environment days ,community awareness programs,counseling ,special education ,inclusive pedagogy ,child care,middle-class,empathy ,balance ,clarity ,understanding ,listening ,patience ,planning,Yes,No,No,Teaching with Love and Logic,The Whole-Brain Child,Daniel Siegel,Fay Jim
