Name,career_choice_for_passion,career_choice_for_money,career_choice_for_nothing,career_choice_in_school,career_choice_in_college,career_choice _univ,career_choice_after_education,is_family_member,is_any_noticable_qualities,quality_1,quality_2,quality_3,hobby_1,hobby_2,hobby_3,is_analytical_activity,analytical_activities_1,analytical_activities_2,newspaper,magazine,book,is_communication_activity,communication_activities_1,communication_activities_2,communication_activities_3,is_outside_academic,vocal,instrumental,drawing_painting,building_things,is_leadership,public_service,nature_of_service_1,nature_of_service_2,nature_of_service_3,is_nervous,under_control,no_friend,selected_friends,many_friend,meet_new_people,has_negotiation_skill,is_under_time_pressure,is_under_control,is_organized,list_of_subjects_in_school_1,list_of_subjects_in_school_2,list_of_subjects_in_school_3,list_of_subject_in_highschool_1,list_of_subject_in_highschool_2,list_of_subject_in_highschool_3,good_in_some_subjects,good_in_all_subjects,good_in_no_subjects,is_interested_in_sport,list_of_sports_1,list_of_sports_2,public_event_participated,list_of_events_1,list_of_events_2,secondary_domain_1,secondary_domain_2,secondary_domain_3,secondary_domain_4,economic_standard,qualities_demanded_in_career_1,qualities_demanded_in_career_2,qualities_demanded_in_career_3,qualities_demanded_in_career_4,qualities_demanded_in_career_5,qualities_demanded_in_career_6,qualities_demanded_in_career_7,introvert,extrovert,ambivert,list_of_books_1,list_of_books_2,list_of_authors_1,list_of_authors_2
Kumar Mangalam Birla,No,No,No,No,No,No,No,Yes,Yes,curiosity,analytical thinking,No,reading, sports, exploring new ideas,Yes,puzzles ,strategic games,Yes,Yes,Yes,Yes,debates ,communication,No,Yes,No,No,Yes,No,Yes,No,No,No,No,Yes,Yes,No,Yes,No,Yes,Yes,Yes,Yes,Yes,mathematics ,economics ,business studies,economics ,mathematics ,business studies,Yes,No,No,Yes,cricket ,tennis,No,No,No,education ,public policy, economic development ,societal progress,middle-class,strong analytical thinking ,decision-making ,emotional intelligence ,ability to manage people ,ability to manage resources,No,No,Yes,No,No,No,No,No,No
Nagavara Ramarao Narayana Murthy,No,No,No,No,No,No,Yes,Yes,Yes,curiosity,No,No,solving math problems, reading books,No,Yes,puzzles ,chess,No,Yes,Yes,Yes,debates ,discussions,No,Yes,No,No,No,Yes,Yes,Yes,No,No,No,Yes,Yes,No,Yes,No,Yes,Yes,Yes,Yes,Yes,mathematics, physics,No,mathematics ,physics ,computer science,Yes,No,No,Yes,walking ,cycling,Yes,science fairs,No,academia ,research ,engineering ,innovation,middle-class,problem-solving ,leadership ,adaptability, ethical decision-making,No,No,No,Yes,No,No,the innovator's dilemma ,zero to one,clayton christensen ,peter thiel
Mukesh Dhirubhai Ambani,No,No,No,No,No,No,No,Yes,Yes,problem-solving,No,No,experimenting with electronics and gadgets,No,No,Yes,puzzles ,playing chess ,No,No,Yes,Yes,speech ,storytelling ,debates,Yes,No,No,No,Yes,Yes,No,No,No,No,Yes,Yes,No,Yes,No,Yes,Yes,Yes,Yes,Yes,science ,mathematics,No,physics ,chemistry,No,No,No,No,No,,,No,No,No,engineering ,technology,No,No,middle-class,leadership ,problem-solving ,strategic thinking ,adaptability,No,No,No,Yes,No,No,the lean startup ,the hard thing about hard things,eric ries ,ben horowitz
Anand Suresh Deshpande,No,No,No,No,No,No,Yes,Yes,Yes,curiosity,logical thinking,problem-solving,reading, puzzles, exploring technology,Yes,puzzles ,working with gadgets,No,No,No,Yes,debates ,other communication activities,No,Yes,No,No,No,Yes,Yes,No,No,No,No,Yes,Yes,No,Yes,No,Yes,Yes,Yes,No,Yes,mathematics ,physics ,computer science,mathematics ,physics ,computer science,Yes,No,No,Yes,cricket ,running,No,No,No,research ,academia, computer science ,software engineering,middle-class,problem-solving ,analytical thinking, leadership ,adaptability,No,No,No,Yes,No,No,No,No,No,No
