Name,career_choice_for_passion,career_choice_for_money,career_choice_for_nothing,career_choice_in_school,career_choice_in_college,career_choice_in_univ,career_choice_after_education,is_family_member,is_any_noticable_qualities,quality_1,quality_2,quality_3,hobby_1,hobby_2,hobby_3,is_analytical_activity,analytical_activities_1,analytical_activities_2,newspaper,magazine,book,is_communication_activity,communication_activities_1,communication_activities_2,communication_activities_3,is_outside_academic,vocal,instrumental,drawing_painting,building_things,is_leadership,public_service,nature_of_service_1,nature_of_service_2,nature_of_service_3,is_nervous,under_control,no_friend,selected_friends,many_friend,meet_new_people,has_negotiation_skill,is_under_time_pressure,is_under_control,is_organized,list_of_subjects_in_school_1,list_of_subjects_in_school_2,list_of_subjects_in_school_3,list_of_subject_in_highschool_1,list_of_subject_in_highschool_2,list_of_subject_in_highschool_3,good_in_some_subjects,good_in_all_subjects,good_in_no_subjects,is_interested_in_sport,list_of_sports_1,list_of_sports_2,public_event_participated,list_of_events_1,list_of_events_2,secondary_domain_1,secondary_domain_2,secondary_domain_3,secondary_domain_4,economic_standard,qualities_demanded_in_career_1,qualities_demanded_in_career_2,qualities_demanded_in_career_3,qualities_demanded_in_career_4,qualities_demanded_in_career_5,qualities_demanded_in_career_6,qualities_demanded_in_career_7,introvert,extrovert,ambivert,list_of_books,list_of_books,list_of_authors_1,list_of_authors_2
Kavita Sahai,Yes,No,no,No,Yes,No,No,Yes,Yes,curiosity,helping others,strong analytical skills,reading, puzzles,No,Yes,puzzles ,chess,Yes,Yes,Yes,Yes,speech,debates,No,Yes,Yes,Yes,Yes,No,Yes,Yes,community service ,health awareness campaign organization ,charity assistance,Yes,Yes,No,Yes,No,Yes,No,Yes,No,Yes,biology ,chemistry,No,biology,chemistry,No,Yes,No,No,Yes,badminton, track and field,Yes,health camps ,science fairs,scientific research,No,No,No,middle-class,strong analytical abilities ,dedication ,resilience ,passion for service ,curiosity ,critical thinking ,teamwork,No,No,Yes,the emperor of all maladies: a biography of cancer ,complications: a surgeonâ€™s notes on an imperfect science,siddhartha mukherjee ,atul gawande
Dinesh Kumar Tripathi,Yes,No,no,Yes,No,No,No,Yes,Yes,leadership,discipline,curiosity,reading, puzzles,No,Yes,puzzles ,chess,Yes,Yes,Yes,Yes,speech,storytelling,No,Yes,Yes,Yes,No,Yes,Yes,Yes,community clean-up drives ,volunteering at local health camps,No,Yes,Yes,No,Yes,No,Yes,Yes,Yes,No,Yes,mathematics,physics,No,physics,mathematics,No,Yes,No,No,Yes,cricket, swimming,Yes,science fairs,biology-related events,engineering ,technology,No,No,middle-class,leadership, discipline ,analytical thinking ,physical fitness ,strong communication skills,No,No,No,No,Yes, indian navy: transition to guardians of the sea,the sea warrior: the story of sir francis drake,david cordingly ,anup singh
Smita Sabharwal,Yes,No,no,No,Yes,No,No,Yes,Yes,discipline,determination,empathy,reading,No,No,Yes,puzzles ,strategizing games,Yes,Yes,No,Yes,speech,debates,No,Yes,Yes,Yes,Yes,No,Yes,Yes,community organizing ,educational support,No,Yes,Yes,No,Yes,No,Yes,No,Yes,No,Yes,history ,political science,english,political science, history ,economics,Yes,No,No,Yes,badminton,swimming,No,science fairs,No,academia ,political science ,public administration,No,middle-class,strong communication skills,leadership,empathy ,decision-making ,problem-solving ,critical thinking ,time management,Yes,No,No,No,No,No,No
Sakshi Kochhar,Yes,No,no,Yes,No,No,No,Yes,Yes,determination,curiosity,focus,airplanes and aviation, flying,No,Yes,puzzles ,legos,No,Yes,Yes,Yes,speech,debates,No,Yes,Yes,Yes,Yes,Yes,Yes,Yes,community service ,educational initiatives,No,Yes,Yes,No,Yes,No,Yes,Yes,Yes,No,Yes,physics ,mathematics,No,physics,mathematics,english,Yes,No,No,Yes,badminton,running,Yes,science fairs,No,aerospace engineering ,space science,No,No,middle-class,strong problem-solving abilities, attention to detail ,calmness under pressure ,communication skills ,leadership,No,No,Yes,No,No,No,No,No,No
Surekha Shankar Yadav,Yes,No,no,Yes,No,No,No,Yes,Yes,determination,curiosity,problem-solving skills,mechanical, trains and engines, engineering,Yes,puzzles ,gadgets,No,No,Yes,Yes,debates,No,No,Yes,No,No,No,Yes,Yes,Yes,No,No,No,Yes,Yes,No,Yes,No,Yes,Yes,Yes,Yes,Yes,mathematics,science,No,physics,mathematics,No,Yes,No,No,No,No,No,Yes,science fairs,technical exhibitions,engineering ,technical,No,No,middle-class,strong technical knowledge ,quick decision-making ,focus ,discipline ,physical endurance,No,No,Yes,No,No,book pairs in the provided text.,No,there are no author,
Reshma Nilofer Visalakshi,Yes,No,no,Yes,No,No,No,No,Yes,analyzing mechanics,curiosity,No,ships, exploring coastal areas, navigation,Yes,puzzles ,puzzles lego,No,Yes,Yes,Yes,speech,debates,No,Yes,No,No,No,Yes,Yes,Yes,environmental advocacy ,community organizing,No,Yes,Yes,No,Yes,No,Yes,Yes,Yes,Yes,Yes,science,physics ,mathematics,physics,mathematics,chemistry,Yes,No,No,Yes,swimming,athletics,Yes,science fairs,health awareness campaigns,engineering ,mechanical engineering ,aerospace engineering,No,middle-class,problem-solving ,strong decision-making, leadership ,spatial awareness ,technical knowledge,No,No,Yes,No,No,the perfect storm ,moby dick,sebastian junger ,herman melville
Mack Rutherford,Yes,No,no,Yes,No,No,No,Yes,Yes,curiosity,problem-solving skills,calmness,building model airplanes, learning about geography, flying,Yes,puzzles ,lego,No,Yes,Yes,Yes,school presentations,storytelling,No,Yes,No,No,No,Yes,Yes,Yes,mentoring,community service,No,Yes,Yes,No,Yes,No,Yes,Yes,Yes,Yes,Yes,physics ,mathematics,geography,physics,mathematics,engineering subjects,No,No,No,Yes,hiking cycling ,swimming,Yes,science fairs,No,engineering ,space exploration,No,No,middle-class,problem-solving ,resilience ,attention to detail ,strong understanding of physics and mathematics,No,No,No,Yes,No,No,the right stuff ,fly girls,tom wolfe ,keith o'brien
Zoya Agarwal,Yes,No,no,Yes,No,No,No,No,Yes,determination,curiosity,calmness,stargazing, solving puzzles, learning about space,Yes,puzzles ,chess,Yes,Yes,Yes,Yes,speech,debates,No,Yes,Yes,Yes,Yes,No,Yes,Yes,community event organization,educational program organization,No,Yes,No,No,Yes,No,Yes,Yes,Yes,Yes,Yes,physics ,mathematics,geography,physics,mathematics,computer science,Yes,No,No,Yes,badminton ,running,No,science fairs,No,space science,engineering,No,No,middle-class,problem-solving abilities ,attention to detail ,calmness under pressure ,communication skills ,leadership,No,No,Yes,No,No,book pairs in the provided text.,No,there are no author,No
