{
	"info": {
		"_postman_id": "9b74bbf6-2d32-476f-9b47-686dc647a65f",
		"name": "Counsella",
		"schema": "https://schema.getpostman.com/json/collection/v2.1.0/collection.json",
		"_exporter_id": "33715985"
	},
	"item": [
		{
			"name": "User",
			"item": [
				{
					"name": "Regsiter a User",
					"request": {
						"method": "POST",
						"header": [
							{
								"key": "Accept",
								"value": "application/json",
								"type": "text"
							}
						],
						"body": {
							"mode": "raw",
							"raw": "{\n    \"email\": \"chaitanya2@example.com\",\n    \"name\": \"Chaitanya Daphal 1\",\n    \"password\": \"chaitanya\",\n    \"confirm_password\": \"chaitanya1\"\n}",
							"options": {
								"raw": {
									"language": "json"
								}
							}
						},
						"url": {
							"raw": "{{BASE_URL}}/api/user/register/",
							"host": [
								"{{BASE_URL}}"
							],
							"path": [
								"api",
								"user",
								"register",
								""
							]
						}
					},
					"response": []
				},
				{
					"name": "Regsiter a User - validation error",
					"request": {
						"method": "POST",
						"header": [],
						"url": {
							"raw": "{{BASE_URL}}/api/user/register/",
							"host": [
								"{{BASE_URL}}"
							],
							"path": [
								"api",
								"user",
								"register",
								""
							]
						}
					},
					"response": []
				},
				{
					"name": "Login User",
					"event": [
						{
							"listen": "test",
							"script": {
								"exec": [
									"// Parse the response body to JSON",
									"let responseData = pm.response.json();",
									"",
									"// Extract the token from the response",
									"let token = responseData.token.access;",
									"",
									"// Set the token as an environment variable (or global variable)",
									"pm.environment.set(\"accessToken\", token);",
									"",
									"// Optional: Log the token to the console for debugging",
									"console.log(\"Access Token:\", token);",
									""
								],
								"type": "text/javascript",
								"packages": {}
							}
						}
					],
					"request": {
						"method": "POST",
						"header": [
							{
								"key": "Accept",
								"value": "application/json",
								"type": "text"
							}
						],
						"body": {
							"mode": "raw",
							"raw": "{\n    \"email\": \"yogesh@gmail.com\",\n    \"password\": \"newpassword\"\n}",
							"options": {
								"raw": {
									"language": "json"
								}
							}
						},
						"url": {
							"raw": "{{BASE_URL}}/api/user/login/",
							"host": [
								"{{BASE_URL}}"
							],
							"path": [
								"api",
								"user",
								"login",
								""
							]
						}
					},
					"response": []
				},
				{
					"name": "Get Logged In User Profile",
					"protocolProfileBehavior": {
						"disableBodyPruning": true
					},
					"request": {
						"method": "GET",
						"header": [
							{
								"key": "Accept",
								"value": "application/json",
								"type": "text"
							},
							{
								"key": "Authorization",
								"value": "Bearer {{accessToken}}",
								"type": "text"
							}
						],
						"body": {
							"mode": "raw",
							"raw": "",
							"options": {
								"raw": {
									"language": "json"
								}
							}
						},
						"url": {
							"raw": "{{BASE_URL}}/api/user/profile/",
							"host": [
								"{{BASE_URL}}"
							],
							"path": [
								"api",
								"user",
								"profile",
								""
							]
						}
					},
					"response": []
				},
				{
					"name": "Change User Password",
					"request": {
						"method": "POST",
						"header": [
							{
								"key": "Accept",
								"value": "application/json",
								"type": "text"
							},
							{
								"key": "Authorization",
								"value": "Bearer eyJhbGciOiJIUzI1NiIsInR5cCI6IkpXVCJ9.eyJ0b2tlbl90eXBlIjoiYWNjZXNzIiwiZXhwIjoxNzMyNTQ2ODM1LCJpYXQiOjE3MzI1NDU2MzUsImp0aSI6ImExM2I3NWEwN2FiZDQ5Zjk4ZjkwN2UxNDk3NmMxNTEzIiwidXNlcl9pZCI6Mn0.oHVfkD_gbxwNzhUwbPPOEG_auZpNZtvqlr-jvMr1Cy4",
								"type": "text"
							}
						],
						"body": {
							"mode": "raw",
							"raw": "{\n    \"password\": \"newpassword\",\n    \"confirm_password\": \"newpassword\"\n}",
							"options": {
								"raw": {
									"language": "json"
								}
							}
						},
						"url": {
							"raw": "http://localhost:8000/api/user/changepassword/",
							"protocol": "http",
							"host": [
								"localhost"
							],
							"port": "8000",
							"path": [
								"api",
								"user",
								"changepassword",
								""
							]
						}
					},
					"response": []
				},
				{
					"name": "Reset User Password Email",
					"request": {
						"method": "POST",
						"header": [
							{
								"key": "Accept",
								"value": "application/json",
								"type": "text"
							},
							{
								"key": "Authorization",
								"value": "Bearer {{accessToken}}",
								"type": "text",
								"disabled": true
							}
						],
						"body": {
							"mode": "raw",
							"raw": "{\n    \"email\": \"chaitanya.daphal84@gmail.com\"\n}",
							"options": {
								"raw": {
									"language": "json"
								}
							}
						},
						"url": {
							"raw": "{{BASE_URL}}/api/user/resetpasswordemail/",
							"host": [
								"{{BASE_URL}}"
							],
							"path": [
								"api",
								"user",
								"resetpasswordemail",
								""
							]
						}
					},
					"response": []
				},
				{
					"name": "Reset User Password",
					"event": [
						{
							"listen": "prerequest",
							"script": {
								"exec": [
									"// Set the token as an environment variable (or global variable)",
									"pm.variables.set(\"uid\", 1223);",
									"",
									"",
									"// Set the token as an environment variable (or global variable)",
									"pm.variables.set(\"token\", \"sdhskhskdhksdj\");",
									"",
									"// http://localhost:8000/api/user/resetpassword/Mg/ch1tc1-085b60117a4ca9e1cb9142abdfc0a8de"
								],
								"type": "text/javascript",
								"packages": {}
							}
						}
					],
					"request": {
						"method": "POST",
						"header": [
							{
								"key": "Accept",
								"value": "application/json",
								"type": "text"
							},
							{
								"key": "Authorization",
								"value": "Bearer {{accessToken}}",
								"type": "text",
								"disabled": true
							}
						],
						"body": {
							"mode": "raw",
							"raw": "{\n    \"password\": \"Admin123!\",\n    \"confirm_password\": \"Admin123!\"\n}",
							"options": {
								"raw": {
									"language": "json"
								}
							}
						},
						"url": {
							"raw": "{{BASE_URL}}/api/user/resetpassword/{{uid}}/{{token}}/",
							"host": [
								"{{BASE_URL}}"
							],
							"path": [
								"api",
								"user",
								"resetpassword",
								"{{uid}}",
								"{{token}}",
								""
							]
						}
					},
					"response": []
				}
			]
		},
		{
			"name": "School Board",
			"item": [
				{
					"name": "Add new School Board",
					"request": {
						"method": "POST",
						"header": [
							{
								"key": "Accept",
								"value": "application/json",
								"type": "text"
							},
							{
								"key": "Authorization",
								"value": "Bearer {{accessToken}}",
								"type": "text"
							}
						],
						"body": {
							"mode": "raw",
							"raw": "{\n    \"name\": \"Maharashtra SSC\"    \n}",
							"options": {
								"raw": {
									"language": "json"
								}
							}
						},
						"url": {
							"raw": "{{BASE_URL}}/api/school/boards/",
							"host": [
								"{{BASE_URL}}"
							],
							"path": [
								"api",
								"school",
								"boards",
								""
							]
						}
					},
					"response": []
				},
				{
					"name": "Gett all School Boards",
					"protocolProfileBehavior": {
						"disableBodyPruning": true
					},
					"request": {
						"method": "GET",
						"header": [
							{
								"key": "Accept",
								"value": "application/json",
								"type": "text"
							},
							{
								"key": "Authorization",
								"value": "Bearer {{accessToken}}",
								"type": "text"
							}
						],
						"body": {
							"mode": "raw",
							"raw": "",
							"options": {
								"raw": {
									"language": "json"
								}
							}
						},
						"url": {
							"raw": "{{BASE_URL}}/api/school/boards/",
							"host": [
								"{{BASE_URL}}"
							],
							"path": [
								"api",
								"school",
								"boards",
								""
							]
						}
					},
					"response": []
				},
				{
					"name": "Get all active School Boards",
					"protocolProfileBehavior": {
						"disableBodyPruning": true
					},
					"request": {
						"method": "GET",
						"header": [
							{
								"key": "Accept",
								"value": "application/json",
								"type": "text"
							},
							{
								"key": "Authorization",
								"value": "Bearer {{accessToken}}",
								"type": "text"
							}
						],
						"body": {
							"mode": "raw",
							"raw": "",
							"options": {
								"raw": {
									"language": "json"
								}
							}
						},
						"url": {
							"raw": "{{BASE_URL}}/api/school/boards/active/",
							"host": [
								"{{BASE_URL}}"
							],
							"path": [
								"api",
								"school",
								"boards",
								"active",
								""
							]
						}
					},
					"response": []
				},
				{
					"name": "Get School Board Details",
					"protocolProfileBehavior": {
						"disableBodyPruning": true
					},
					"request": {
						"method": "GET",
						"header": [
							{
								"key": "Accept",
								"value": "application/json",
								"type": "text"
							},
							{
								"key": "Authorization",
								"value": "Bearer {{accessToken}}",
								"type": "text"
							}
						],
						"body": {
							"mode": "raw",
							"raw": "",
							"options": {
								"raw": {
									"language": "json"
								}
							}
						},
						"url": {
							"raw": "{{BASE_URL}}/api/school/boards/1/",
							"host": [
								"{{BASE_URL}}"
							],
							"path": [
								"api",
								"school",
								"boards",
								"1",
								""
							]
						}
					},
					"response": []
				},
				{
					"name": "Update School Board Details",
					"request": {
						"method": "PUT",
						"header": [
							{
								"key": "Accept",
								"value": "application/json",
								"type": "text"
							},
							{
								"key": "Authorization",
								"value": "Bearer {{accessToken}}",
								"type": "text"
							}
						],
						"body": {
							"mode": "raw",
							"raw": "{\n    \"name\": \"Maharashtra-SSC Board\"\n}",
							"options": {
								"raw": {
									"language": "json"
								}
							}
						},
						"url": {
							"raw": "{{BASE_URL}}/api/school/boards/1/",
							"host": [
								"{{BASE_URL}}"
							],
							"path": [
								"api",
								"school",
								"boards",
								"1",
								""
							]
						}
					},
					"response": []
				},
				{
					"name": "Delete School Board",
					"request": {
						"method": "DELETE",
						"header": [
							{
								"key": "Accept",
								"value": "application/json",
								"type": "text"
							},
							{
								"key": "Authorization",
								"value": "Bearer {{accessToken}}",
								"type": "text"
							}
						],
						"body": {
							"mode": "raw",
							"raw": "",
							"options": {
								"raw": {
									"language": "json"
								}
							}
						},
						"url": {
							"raw": "{{BASE_URL}}/api/school/boards/3/",
							"host": [
								"{{BASE_URL}}"
							],
							"path": [
								"api",
								"school",
								"boards",
								"3",
								""
							]
						}
					},
					"response": []
				},
				{
					"name": "Activate School Board",
					"request": {
						"method": "POST",
						"header": [
							{
								"key": "Accept",
								"value": "application/json",
								"type": "text"
							},
							{
								"key": "Authorization",
								"value": "Bearer {{accessToken}}",
								"type": "text"
							}
						],
						"body": {
							"mode": "raw",
							"raw": "{\n    \"is_active\": true\n}",
							"options": {
								"raw": {
									"language": "json"
								}
							}
						},
						"url": {
							"raw": "{{BASE_URL}}/api/school/boards/4/activate/",
							"host": [
								"{{BASE_URL}}"
							],
							"path": [
								"api",
								"school",
								"boards",
								"4",
								"activate",
								""
							]
						}
					},
					"response": []
				},
				{
					"name": "Deactivate School Board",
					"request": {
						"method": "POST",
						"header": [
							{
								"key": "Accept",
								"value": "application/json",
								"type": "text"
							},
							{
								"key": "Authorization",
								"value": "Bearer {{accessToken}}",
								"type": "text"
							}
						],
						"body": {
							"mode": "raw",
							"raw": "{\n    \"is_active\": false\n}",
							"options": {
								"raw": {
									"language": "json"
								}
							}
						},
						"url": {
							"raw": "{{BASE_URL}}/api/school/boards/4/activate/",
							"host": [
								"{{BASE_URL}}"
							],
							"path": [
								"api",
								"school",
								"boards",
								"4",
								"activate",
								""
							]
						}
					},
					"response": []
				}
			]
		},
		{
			"name": "School",
			"item": [
				{
					"name": "Get all Onboarded Schools",
					"protocolProfileBehavior": {
						"disableBodyPruning": true
					},
					"request": {
						"method": "GET",
						"header": [
							{
								"key": "Accept",
								"value": "application/json",
								"type": "text"
							},
							{
								"key": "Authorization",
								"value": "Bearer {{accessToken}}",
								"type": "text"
							}
						],
						"body": {
							"mode": "raw",
							"raw": "",
							"options": {
								"raw": {
									"language": "json"
								}
							}
						},
						"url": {
							"raw": "{{BASE_URL}}/api/school/",
							"host": [
								"{{BASE_URL}}"
							],
							"path": [
								"api",
								"school",
								""
							]
						}
					},
					"response": []
				},
				{
					"name": "Get School Details",
					"protocolProfileBehavior": {
						"disableBodyPruning": true
					},
					"request": {
						"method": "GET",
						"header": [
							{
								"key": "Accept",
								"value": "application/json",
								"type": "text"
							},
							{
								"key": "Authorization",
								"value": "Bearer {{accessToken}}",
								"type": "text"
							}
						],
						"body": {
							"mode": "raw",
							"raw": "",
							"options": {
								"raw": {
									"language": "json"
								}
							}
						},
						"url": {
							"raw": "{{BASE_URL}}/api/school/4f4b8e21-b1a5-4f8a-aefd-5028d909c276/",
							"host": [
								"{{BASE_URL}}"
							],
							"path": [
								"api",
								"school",
								"4f4b8e21-b1a5-4f8a-aefd-5028d909c276",
								""
							]
						}
					},
					"response": []
				},
				{
					"name": "Update School Details",
					"request": {
						"method": "POST",
						"header": [
							{
								"key": "Accept",
								"value": "application/json",
								"type": "text"
							},
							{
								"key": "Authorization",
								"value": "Bearer {{accessToken}}",
								"type": "text"
							}
						],
						"body": {
							"mode": "raw",
							"raw": "{\n    \"registration_no\": \"registered_no\",\n    \"contact_name\": \"Chaitanya Baban Daphal\",\n    \"contact_no\": \"9158760760\",\n    \"contact_email\": \"chaitanya.daphal1@gmail.com\"\n}",
							"options": {
								"raw": {
									"language": "json"
								}
							}
						},
						"url": {
							"raw": "{{BASE_URL}}/api/school/4f4b8e21-b1a5-4f8a-aefd-5028d909c276/update/",
							"host": [
								"{{BASE_URL}}"
							],
							"path": [
								"api",
								"school",
								"4f4b8e21-b1a5-4f8a-aefd-5028d909c276",
								"update",
								""
							]
						}
					},
					"response": []
				},
				{
					"name": "Onboard new School",
					"request": {
						"method": "POST",
						"header": [
							{
								"key": "Accept",
								"value": "application/json",
								"type": "text"
							},
							{
								"key": "Authorization",
								"value": "Bearer {{accessToken}}",
								"type": "text"
							}
						],
						"body": {
							"mode": "raw",
							"raw": "{\n    \"name\": \"City International School\",\n    \"address\": \"Kharadi, Pune 411014\",\n    \"school_board\": 4,\n    \"registration_no\": \"Abc1\",\n    \"contact_name\": \"Chaitanya Daphal\",\n    \"contact_no\": 9158796880,\n    \"contact_email\": \"chaitanya.daphal@gmail.com\"\n}",
							"options": {
								"raw": {
									"language": "json"
								}
							}
						},
						"url": {
							"raw": "{{BASE_URL}}/api/school/new/",
							"host": [
								"{{BASE_URL}}"
							],
							"path": [
								"api",
								"school",
								"new",
								""
							]
						}
					},
					"response": []
				},
				{
					"name": "Activate School",
					"request": {
						"method": "POST",
						"header": [
							{
								"key": "Accept",
								"value": "application/json",
								"type": "text"
							},
							{
								"key": "Authorization",
								"value": "Bearer {{accessToken}}",
								"type": "text"
							}
						],
						"body": {
							"mode": "raw",
							"raw": "{\n    \"is_active\": true\n}",
							"options": {
								"raw": {
									"language": "json"
								}
							}
						},
						"url": {
							"raw": "{{BASE_URL}}/api/school/74489b0a-f763-4139-9ed8-327cee0433d2/activate/",
							"host": [
								"{{BASE_URL}}"
							],
							"path": [
								"api",
								"school",
								"74489b0a-f763-4139-9ed8-327cee0433d2",
								"activate",
								""
							]
						}
					},
					"response": []
				},
				{
					"name": "Deactivate School",
					"request": {
						"method": "POST",
						"header": [
							{
								"key": "Accept",
								"value": "application/json",
								"type": "text"
							},
							{
								"key": "Authorization",
								"value": "Bearer {{accessToken}}",
								"type": "text"
							}
						],
						"body": {
							"mode": "raw",
							"raw": "{\n    \"is_active\": false\n}",
							"options": {
								"raw": {
									"language": "json"
								}
							}
						},
						"url": {
							"raw": "{{BASE_URL}}/api/school/74489b0a-f763-4139-9ed8-327cee0433d2/activate/",
							"host": [
								"{{BASE_URL}}"
							],
							"path": [
								"api",
								"school",
								"74489b0a-f763-4139-9ed8-327cee0433d2",
								"activate",
								""
							]
						}
					},
					"response": []
				}
			]
		}
	]
}