{
	"info": {
		"_postman_id": "c46ae4b1-b502-4000-af61-856c52a5cdfb",
		"name": "MCMY",
		"schema": "https://schema.getpostman.com/json/collection/v2.1.0/collection.json",
		"_exporter_id": "33715985"
	},
	"item": [
		{
			"name": "Onboard School",
			"request": {
				"method": "POST",
				"header": [],
				"body": {
					"mode": "raw",
					"raw": "{\n    \"name\": \"New English School\",\n    \"address\": \"Pune\",\n    \"contact_no\": 101,\n    \"contact_email\": \"school1@newenglishschool.com\",\n    \"admin\": {\n        \"email\": \"admin1@newenglishschool.com\",\n        \"name\": \"Chaitanya\",\n        \"password\": \"chaitanya\",\n        \"confirm_password\": \"chaitanya\"\n    }\n}",
					"options": {
						"raw": {
							"language": "json"
						}
					}
				},
				"url": {
					"raw": "{{BASE_URL}}/api/school/create_with_admin/",
					"host": [
						"{{BASE_URL}}"
					],
					"path": [
						"api",
						"school",
						"create_with_admin",
						""
					]
				}
			},
			"response": []
		},
		{
			"name": "Register School Student",
			"request": {
				"method": "POST",
				"header": [],
				"body": {
					"mode": "raw",
					"raw": "{\n    \"email\": \"student11@newenglishschool.com\",\n    \"name\": \"Niraj Daphal\",\n    \"password\": \"niraj\",\n    \"confirm_password\": \"niraj\",\n    \"school\": 2,\n    \"roll_number\": 11\n}",
					"options": {
						"raw": {
							"language": "json"
						}
					}
				},
				"url": {
					"raw": "{{BASE_URL}}/api/school/students/register/",
					"host": [
						"{{BASE_URL}}"
					],
					"path": [
						"api",
						"school",
						"students",
						"register",
						""
					]
				}
			},
			"response": []
		},
		{
			"name": "Login School Admin",
			"request": {
				"method": "POST",
				"header": [],
				"body": {
					"mode": "raw",
					"raw": "{\n    \"email\": \"admin@newenglishschool.com\",\n    \"password\": \"chaitanya\"\n}",
					"options": {
						"raw": {
							"language": "json"
						}
					}
				},
				"url": {
					"raw": "{{BASE_URL}}/api/user/login/",
					"host": [
						"{{BASE_URL}}"
					],
					"path": [
						"api",
						"user",
						"login",
						""
					]
				}
			},
			"response": []
		},
		{
			"name": "Login School Student",
			"request": {
				"method": "POST",
				"header": [],
				"body": {
					"mode": "raw",
					"raw": "{\n    \"email\": \"admin@newenglishschool.com\",\n    \"password\": \"chaitanya\"\n}",
					"options": {
						"raw": {
							"language": "json"
						}
					}
				},
				"url": {
					"raw": "{{BASE_URL}}/api/user/login/",
					"host": [
						"{{BASE_URL}}"
					],
					"path": [
						"api",
						"user",
						"login",
						""
					]
				}
			},
			"response": []
		}
	]
}