Name,career_choice_for_passion,career_choice_for_money,career_choice_for_nothing,career_choice_in_school,career_choice_in_college,career_choice_in_univ,career_choice_after_education,is_family_member,is_any_noticable_qualities,quality_1,quality_2,quality_3,hobby_1,hobby_2,hobby_3,is_analytical_activity,analytical_activities_1,analytical_activities_2,newspaper,magazine,book,is_communication_activity,communication_activities_1,communication_activities_2,communication_activities_3,is_outside_academic,vocal,instrumental,drawing_painting,building_things,is_leadership,public_service,nature_of_service_1,nature_of_service_2,nature_of_service_3,is_nervous,under_control,no_friend,selected_friends,many_friend,meet_new_people,has_negotiation_skill,is_under_time_pressure,is_under_control,is_organized,list_of_subjects_in_school_1,list_of_subjects_in_school_2,list_of_subjects_in_school_3,list_of_subject_in_highschool_1,list_of_subject_in_highschool_2,list_of_subject_in_highschool_3,good_in_some_subjects,good_in_all_subjects,is_interested_in_sport,good_in_no_subjects,list_of_sports_1,list_of_sports_2,public_event_participated,list_of_events_1,list_of_events_2,secondary_domain_1,secondary_domain_2,secondary_domain_3,secondary_domain_4,economic_standard,qualities_demanded_in_career_1,qualities_demanded_in_career_2,qualities_demanded_in_career_3,qualities_demanded_in_career_4,qualities_demanded_in_career_5,qualities_demanded_in_career_6,qualities_demanded_in_career_7,introvert,extrovert,ambivert,list_of_books_1,list_of_books_2,list_of_authors_1,list_of_authors_2
Dr. Shilpi Budhiraja,Yes,No,No,No,Yes,No,No,Yes,Yes,solving problems,curiosity,No,reading medical books, exploring science,No,Yes,solving puzzles ,playing chess,No,Yes,Yes,Yes,debates ,storytelling,No,Yes,Yes,Yes,Yes,No,Yes,Yes,health awareness campaigns ,community service,No,Yes,Yes,No,Yes,No,Yes,Yes,Yes,Yes,Yes,biology ,chemistry,No,biology ,chemistry,No,No,No,Yes,No,badminton ,swimming,Yes,health camps ,science fairs,research ,teaching ,medical field,No,middle-class,problem-solving ,attention to detail ,patience ,hand-eye coordination ,strong communication skills ,empathy ,active listening ,No,No,Yes,No,No,No,No
Ajit Kumar Basu,No,No,No,Yes,No,No,No,Yes,Yes,interest in science,reading books on human body,conducting small experiments,building models, assembling intricate puzzles,working with tools,Yes,solving puzzles ,playing chess,No,Yes,Yes,No,No,No,No,Yes,Yes,Yes,Yes,No,Yes,Yes,healthcare volunteer work,No,No,Yes,Yes,No,No,No,Yes,Yes,Yes,Yes,Yes,chemistry,mathematics,No,biology ,chemistry,No,Yes,No,Yes,No,table tennis ,archery,Yes,health camps ,biology-related events,medical research ,science ,teaching ,academic leadership,middle-class,Time Management and Discipline ,continuous learning ,drawing,painting ,sculpting,building models,No,Yes,No,No,book pairs in the provided text.,No,there are no author,No
Dr. Sadir Alrawi,Yes,No,No,No,Yes,No,No,Yes,Yes,curiosity,steady hand,patience,solving puzzles, building models,No,Yes,solving puzzles ,playing chess,No,Yes,Yes,Yes,debates ,speech,No,Yes,Yes,Yes,Yes,No,Yes,Yes,community health ,charity work,No,Yes,Yes,No,Yes,No,Yes,Yes,Yes,Yes,Yes,biology ,chemistry,No,biology ,chemistry,No,Yes,No,Yes,No,soccer ,swimming,Yes,health camps,science fairs ,biomedical research ,academia,No,No,middle-class,attention to detail ,problem-solving ,dexterity ,resilience ,strong communication,No,No,Yes,No,No,No,No,No,No
Dr. Ahmet Cemil Dalay,Yes,No,No,No,Yes,No,No,Yes,Yes,Attention to detail,Problem-solving abilities,compassion,drawing, model building, solving puzzles,Yes,solving puzzles ,playing chess,Yes,Yes,Yes,Yes,debates,No,No,Yes,Yes,Yes,Yes,No,Yes,Yes,organizing health camps ,providing basic medical care,No,Yes,Yes,Yes,No,No,Yes,Yes,Yes,Yes,Yes,biology ,chemistry,No,biology ,physics,No,Yes,No,Yes,No,soccer,swimming,Yes,health camps ,science fairs ,engineering,No,No,No,middle-class,hand-eye coordination and dexterity ,precision and attention to detail ,resilience and emotional stability, strong work ethic and discipline ,empathy and compassion,No,No,Yes,No,No,book pairs in the provided text.,No,there are no author,No
Dr. Vipul Nanda,Yes,No,No,No,Yes,No,No,Yes,Yes,steady hands,patience,strong sense of responsibility,drawing, model-building, playing strategy games,Yes,solving puzzles ,playing chess,No,Yes,Yes,Yes,speech competitions ,debates,No,Yes,Yes,Yes,Yes,No,Yes,Yes,community organizing ,charity support,No,Yes,Yes,No,Yes,No,Yes,Yes,Yes,Yes,Yes,biology ,chemistry,physics,biology ,chemistry,No,Yes,No,Yes,No,cricket ,badminton,Yes,health camps ,biology-related events,scientific research, teaching,No,No,middle-class,precision problem-solving ,strong communication ,empathy ,ability to remain calm under pressure,No,No,No,Yes,No,No,the emperor of all maladies: a biography of cancer ,better: a surgeon's notes on performance,siddhartha mukherjee ,atul gawande