Name,career_choice_for_passion,career_choice_for_money,career_choice_for_nothing,career_choice_in_school,career_choice_in_college,career_choice_in_univ,career_choice_after_education,is_family_member,is_any_noticable_qualities,quality_1,quality_2,quality_3,hobby_1,hobby_2,hobby_3,is_analytical_activity,analytical_activities_1,analytical_activities_2,newspaper,magazine,book,is_communication_activity,communication_activities_1,communication_activities_2,communication_activities_3,is_outside_academic,vocal,instrumental,drawing_painting,building_things,is_leadership,public_service,nature_of_service_1,nature_of_service_2,nature_of_service_3,is_nervous,under_control,no_friend,selected_friends,many_friend,meet_new_people,has_negotiation_skill,is_under_time_pressure,is_under_control,is_organized,list_of_subjects_in_school_1,list_of_subjects_in_school_2,list_of_subjects_in_school_3,list_of_subject_in_highschool_1,list_of_subject_in_highschool_2,list_of_subject_in_highschool_3,good_in_some_subjects,good_in_all_subjects,good_in_no_subjects,is_interested_in_sport,list_of_sports_1,list_of_sports_2,public_event_participated,list_of_events_1,list_of_events_2,secondary_domain_1,secondary_domain_2,secondary_domain_3,secondary_domain_4,economic_standard,qualities_demanded_in_career_1,qualities_demanded_in_career_2,qualities_demanded_in_career_3,qualities_demanded_in_career_4,qualities_demanded_in_career_5,qualities_demanded_in_career_6,qualities_demanded_in_career_7,introvert,extrovert,ambivert,list_of_books_1,list_of_books_2,list_of_authors_1,list_of_authors_2
Saalumarada Thimmakka,Yes,No,No,No,No,No,No,Yes,Yes,observing plants and trees,No,No,No,No,No,No,No,No,No,No,No,Yes,speech,debates,No,No,No,No,No,No,No,No,No,No,No,Yes,Yes,No,Yes,No,Yes,No,Yes,Yes,Yes,No,No,No,No,No,No,No,No,No,No,No,No,No,No,No,farming ,agriculture,No,No,middle-class,empathy ,patience ,resilience ,deep understanding of the environment,No,No,No,Yes,No,No,silent spring, the story of my experiments with truth,rachel carson,mahatma gandhi
Sharadchandra Govindrao Pawar,Yes,No,No,Yes,No,No,No,Yes,Yes,responsibility,leadership,communication,No,No,No,No,No,No,Yes,No,Yes,Yes,debates ,speech,No,Yes,No,No,No,No,Yes,Yes,social welfare ,community service,No,Yes,Yes,No,Yes,No,Yes,Yes,Yes,Yes,Yes,history,political science,No,political science ,history ,economics,No,No,No,Yes,cricket ,football,Yes,political discussions,community-focused events,public administration ,social work,No,No,middle-class,strong communication ,leadership ,critical thinking ,empathy,No,No,No,No,Yes,No,the republic ,the prince,plato ,niccolò machiavelli
Kailash Ramprasad Satyarthi,Yes,No,No,Yes,No,No,No,Yes,Yes,helping those in need,strong sense of justice,No,No,No,No,No,No,No,Yes,No,Yes,Yes,debates ,speech,No,Yes,No,No,Yes,Yes,Yes,Yes,child welfare ,social work,social work,Yes,Yes,No,Yes,No,Yes,Yes,Yes,No,Yes,history,social studies,literature,political science ,history,No,No,No,No,Yes,cricket ,running,No,No,No,education ,child rights ,social justice ,human dignity,middle-class,leadership ,empathy ,communication ,resilience,No,No,No,No,Yes,No,book pairs in the provided text.,No,there are no author,No
Devendra Gangadharrao Fadnavis,Yes,No,No,No,Yes,No,No,Yes,Yes,leadership skills,discipline,interest in public speaking,No,No,No,Yes,solving puzzles,strategic games,Yes,No,Yes,Yes,debates,speech,No,Yes,No,No,No,No,Yes,Yes,community service ,social initiatives,No,Yes,Yes,No,Yes,No,Yes,Yes,Yes,No,Yes,history ,civics,No,political science ,history,No,No,No,No,Yes,running ,cycling,No,No,No,public administration ,social work,No,No,middle-class,leadership ,communication ,empathy ,critical thinking,No,No,No,No,Yes,No,the republic,india after gandhi,plato, ramachandra guha
Atal Krishna Bihari Vajpayee,Yes,No,No,No,Yes,No,No,Yes,Yes,eloquence,love for poetry,ability to articulate complex ideas clearly,No,No,No,No,No,No,Yes,Yes,Yes,Yes,debates,speech,No,Yes,No,No,No,No,Yes,Yes,social service,No,No,Yes,Yes,No,Yes,No,Yes,No,Yes,Yes,Yes,political science,history,hindi literature,political science ,history,english,Yes,No,No,Yes,walking ,cycling,Yes,political events,No,literature ,teaching,No,No,middle-class,leadership,communication,critical thinking, empathy,ability to understand diverse perspectives,No,No,No,Yes,No,india after gandhi ,the discovery of india,ramachandra guha ,jawaharlal nehru
Kiran Bedi,Yes,No,No,No,No,No,Yes,Yes,Yes,serving socity,No,No,No,No,No,No,No,No,No,No,No,Yes,storytelling,reading,No,Yes,No,No,No,No,No,Yes,public service,volunteer work ,ngo leadership,Yes,Yes,No,No,Yes,Yes,No,No,Yes,Yes,No,No,No,political science ,civics,physical education,No,No,No,Yes,tennis,No,Yes,No,No,education ,human rights ,social work,business,middle-class,leadership,discipline ,empathy ,communication skills ,integrity ,responsibility ,active listening ,No,No,Yes,the audacity of hope anonymous:the bhagavad gita,No,barack obama,No
Narendra Damodardas Modi,Yes,No,No,Yes,No,No,No,,Yes,discipline,strong work ethic,ability to lead and organize,No,No,No,Yes,strategic thinking ,organizing community activities,Yes,No,Yes,Yes,debates,speech,No,Yes,No,No,No,No,Yes,Yes,community service,social welfare,No,Yes,Yes,No,No,Yes,Yes,Yes,Yes,Yes,Yes,history,political science,No,political science ,history,No,Yes,No,No,Yes,running,cycling,No,No,No,social work ,non-profit ,social services,No,middle-class,leadership,communication,empathy ,strategic thinking,No,No,No,Yes,No,No,the republic,india after gandhi,plato ,ramachandra guha
